Timestep,Maximum_AUROC_Drop
1,0.2067
2,0.21449999999999997
3,0.38939999999999997
4,0.23789999999999994
5,0.446
6,0.2179000000000001
7,0.09049999999999997
8,0.1486
9,0.0812
10,0.1956
11,0.1063
12,0.21989999999999998
13,0.05980000000000002
14,0.12209999999999999
15,0.07929999999999998
16,0.04459999999999997
17,0.07689999999999997
18,0.12689999999999996
19,0.0827
20,0.00990000000000002
21,0.10189999999999999
22,0.02400000000000002
23,0.014699999999999935
24,0.01100000000000001
25,0.0040999999999999925
